Product,Brand,Gender,Category,Movement Type,Case Material,Case Size,Case Thickness,Dial Color,Glass,Band Material,Band Color,Buckle,Water Resistance,Other Specs
AC1007MDLIPBARG,Alexandre Christie,Men,Quartz Watch,Quartz (Battery),Stainless Steel,39.5 mm,10 mm,Black,Mineral Crystal,Leather,Black,,3 ATM (30 Meters),
AC1008MDBBRBA,Alexandre Christie,Men,Quartz Watch,Quartz (Battery),Stainless Steel,39.5 mm,8.5 mm,Black,Mineral Crystal,Stainless Steel,Black,,3 ATM (30 Meters),
AC1008MDBSSSL,Alexandre Christie,Men,Quartz Watch,Quartz (Battery),Stainless Steel,39.5 mm,8.5 mm,White,Mineral Crystal,Stainless Steel,Silver,,3 ATM (30 Meters),
AC1031LDBSSSL,Alexandre Christie,Women,Quartz Watch,Quartz (Battery),Stainless Steel,30-38 mm,10 mm,Silver,Mineral Crystal,Stainless Steel,Silver,,3 ATM (30 Meters),
AC2977BFBRGSL,Alexandre Christie,Women,Quartz Watch,Quartz (Battery),Stainless Steel,35.2 mm,8.8 mm,Silver,Mineral Crystal,Stainless Steel,Rose Gold,,3 ATM (30 Meters),
AC2977BFBURBU,Alexandre Christie,Women,Quartz Watch,Quartz (Battery),Stainless Steel,35.2 mm,8.8 mm,Dark Blue,Mineral Crystal,Stainless Steel,Dark Blue,,3 ATM (30 Meters),
AC2A42BFBRGPU,Alexandre Christie,Women,Quartz Watch,Quartz (Battery),Stainless Steel,35.7 mm,9.8 mm,Purple,Mineral Crystal,Stainless Steel,Rose Gold,,3 ATM (30 Meters),
AC2B36LHBRGSL,Alexandre Christie,Women,Quartz Watch,Quartz (Battery),Stainless Steel,16.8 mm,5.8 mm,Silver ,Sapphire Crystal,Stainless Steel (Mesh Strap),Rose Gold,,3 ATM (30 Meters),
AC2B36LHBURBU,Alexandre Christie,Women,Quartz Watch,Quartz (Battery),Stainless Steel,16.8 mm,5.8 mm,Blue / Rose Gold,Sapphire Crystal,Stainless Steel (Mesh Strap),Blue,,3 ATM (30 Meters),
AC2B52LHBRGPN,Alexandre Christie,Women,Quartz Watch,Quartz (Battery),Stainless Steel,21.4 mm,7.2 mm,Pink,Mineral Crystal,Stainless Steel With Acetate,Pink,,3 ATM (30 Meters),
AC2B77LHRRGBO,Alexandre Christie,Women,Quartz Watch,Quartz (Battery),Stainless Steel,32.6 mm,9.3 mm,Brown,Mineral Crystal,Rubber / Silicon,Brown,,3 ATM (30 Meters),
AC2C10LHBBRBA,Alexandre Christie,Women,Quartz Watch,Quartz (Battery),Stainless Steel,26.2 mm,8.5 mm,Black,Mineral Crystal,Stainless Steel,Black,,3 ATM (30 Meters),
AC2C10LHBRGSL,Alexandre Christie,Women,Quartz Watch,Quartz (Battery),Stainless Steel,26.2 mm,8.5 mm,Silver,Mineral Crystal,Stainless Steel,Rose Gold,,3 ATM (30 Meters),
AC2C13BFFBRBA,Alexandre Christie,Women,Quartz Watch,Quartz (Battery),Stainless Steel,37.8 mm,9.1 mm,Black,Mineral Crystal,Stainless Steel,Black,,3 ATM (30 Meters),
AC2C13BFFRGGR,Alexandre Christie,Women,Quartz Watch,Quartz (Battery),Stainless Steel,37.8 mm,9.1 mm,Grey,Mineral Crystal,Stainless Steel,Rose Gold ,,3 ATM (30 Meters),
AC3030MCLBRBA,Alexandre Christie,Men,Quartz Watch,Quartz (Battery),Stainless Steel,44 mm,14 mm,Black,Mineral Crystal,Leather,Brown,,3 ATM (30 Meters),
AC3030MCLCABA,Alexandre Christie,Men,Quartz Watch,Quartz (Battery),Stainless Steel,44 mm,14 mm,Black,Mineral Crystal,Leather,Black,,3 ATM (30 Meters),
AC3030MCLTUBA,Alexandre Christie,Men,Quartz Watch,Quartz (Battery),Stainless Steel,44 mm,14 mm,Black,Mineral Crystal,Leather,Black,,3 ATM (30 Meters),
AC3039MCLBRBA,Alexandre Christie,Men,Quartz Watch,Quartz (Chronograph),Stainless Steel with PVD Coating,45 mm,15 mm,Black,Mineral Crystal,Leather,Brown,,3 ATM (30 Meters),
AC3039MCLRGBA,Alexandre Christie,Men,Quartz Watch,Quartz (Chronograph),Stainless Steel with PVD Coating,45 mm,15 mm,Black,Mineral Crystal,Leather,Black,,3 ATM (30 Meters),
AC3039MCLURBU,Alexandre Christie,Men,Quartz Watch,Quartz (Chronograph),Stainless Steel with PVD Coating,45 mm,15 mm,Blue,Mineral Crystal,Leather,Black,,3 ATM (30 Meters),
AC5002MDBGPGN,Alexandre Christie,Men,Quartz Watch,Quartz (Battery),Stainless Steel,40.5 mm,10 mm,Green,Mineral Crystal,Stainless Steel,Gold,,3 ATM (30 Meters),
AC5002MDBTRSL,Alexandre Christie,Men,Quartz Watch,Quartz (Battery),Stainless Steel,40.5 mm,10 mm,Silver,Mineral Crystal,Stainless Steel,Rose Gold /Silver,,3 ATM (30 Meters),
AC5013MDBRGBO3,Alexandre Christie,Men,Quartz Watch,Quartz (Battery),Stainless Steel,35.3 mm,9.2 mm,Brown,Sapphire Crystal,Stainless Steel,Rose Gold,,3 ATM (30 Meters),
AC5013MDBTRGR3,Alexandre Christie,Men,Quartz Watch,Quartz (Battery),Stainless Steel,35.3 mm,9.2 mm,Gray,Sapphire Crystal,Stainless Steel,Rose Gold/Silver,,3 ATM (30 Meters),
AC5013MDBTRSL3,Alexandre Christie,Men,Quartz Watch,Quartz (Battery),Stainless Steel,35.3 mm,9.2 mm,Silver ,Sapphire Crystal,Stainless Steel,Rose Gold/Silver,,3 ATM (30 Meters),
AC6141MCBBRBA,Alexandre Christie,Men,Quartz Watch,Quartz (Battery),Stainless Steel,43 mm,12 mm,Black,Mineral crystal,Stainless Steel,Black/Rose Gold,,3 ATM (30 Meters),
AC6141MCBROBO,Alexandre Christie,Men,Quartz Watch,Quartz (Battery),Stainless Steel,43 mm,12 mm,Brown,Mineral crystal,Stainless Steel,Brown,,3 ATM (30 Meters),
AC6141MCBTBSL,Alexandre Christie,Men,Quartz Watch,Quartz (Battery),Stainless Steel,43 mm,12 mm,White,Mineral crystal,Stainless Steel,Silver,,3 ATM (30 Meters),
AC6141MCBURBU,Alexandre Christie,Men,Quartz Watch,Quartz (Battery),Stainless Steel,43 mm,12 mm,Blue,Mineral crystal,Stainless Steel,Blue,,3 ATM (30 Meters),
AC6295MCLBRBA,Alexandre Christie,Men,Quartz Watch,Quartz (Battery),Stainless Steel,47.5 mm,15.5 mm,Black,Mineral Crystal,Leather,Brown,,5 ATM (50 Meters),
AC6295MCLIPBAIVBA,Alexandre Christie,Men,Quartz Watch,Quartz (Battery),Stainless Steel,47.5 mm,15.5 mm,Black,Mineral Crystal,Leather,Black,,5 ATM (50 Meters),
AC6295MCLURBU,Alexandre Christie,Men,Quartz Watch,Quartz (Battery),Stainless Steel,47.5 mm,15.5 mm,Blue,Mineral Crystal,Leather,Brown,,5 ATM (50 Meters),
AC6323MCBBRBA,Alexandre Christie,Men,Quartz Watch,Quartz (Battery),Stainless Steel,45 mm,11 mm,Black,Mineral Crystal,Stainless Steel,Black,,5 ATM (50 Meters),
AC6350MCBEPBA,Alexandre Christie,Men,Quartz Watch,Quartz (Battery),Stainless Steel,44.1 mm,12 mm,Black,Mineral Crystal,Stainless Steel,Black,,5 ATM (50 Meters),
AC6564BFBRGSL,Alexandre Christie,Men,Quartz Watch,Quartz (Battery),Stainless Steel,46 mm,14.4 mm,Blue,Mineral Crystal,Leather,Brown,,5 ATM (50 Meters),
AC6564MCLBRBA,Alexandre Christie,Men,Quartz Watch,Quartz (Battery),Stainless Steel,46 mm,14.4 mm,Black,Mineral Crystal,Leather,Brown,,5 ATM (50 Meters),
AC6564MCLURBU,Alexandre Christie,Men,Quartz Watch,Quartz (Battery),Stainless Steel,46 mm,14.4 mm,Blue,Mineral Crystal,Leather,Brown,,5 ATM (50 Meters),
AC6565MCREPBA,Alexandre Christie,Men,Quartz Watch,Quartz (Battery),Stainless Steel,46.5 mm,15.5 mm,Black,Mineral Crystal,Rubber ,Black,,5 ATM (50 Meters),
AC6565MCREPBARE,Alexandre Christie,Men,Quartz Watch,Quartz (Battery),Stainless Steel,46.5 mm,15.5 mm,Black,Mineral Crystal,Rubber ,Red,,5 ATM (50 Meters),
AC6565MCRTBBA,Alexandre Christie,Men,Quartz Watch,Quartz (Battery),Stainless Steel,46.5 mm,15.5 mm,Black,Mineral Crystal,Rubber ,Black,,5 ATM (50 Meters),
AC6627MCRIPBAYL,Alexandre Christie,Men,Quartz Watch,Quartz (Battery),Stainless Steel,45.2 mm,13.3 mm,Black,Mineral Crystal,Leather,Black,,5 ATM (50 Meters),
AC6688MCRIPBAYL,Alexandre Christie,Men,Quartz Watch,Quartz (Battery),Stainless Steel,44.3 mm,12.4 mm,Black,Mineral Crystal,Rubber ,Black,,5 ATM (50 Meters),
AC6695MCFBRBA,Alexandre Christie,Men,Quartz Watch,Quartz (Battery),Stainless Steel,45 mm,12 mm,Black,Mineral Crystal,Stainless Steel,Black/Rose Gold,,5 ATM (50 Meters),
AC6695MCFEPBA,Alexandre Christie,Men,Quartz Watch,Quartz (Battery),Stainless Steel,45 mm,12 mm,Black,Mineral Crystal,Stainless Steel,Black,,5 ATM (50 Meters),
AC6695MCFEPBARG,Alexandre Christie,Men,Quartz Watch,Quartz (Battery),Stainless Steel,45 mm,12 mm,Black,Mineral Crystal,Stainless Steel,Black,,5 ATM (50 Meters),
AC6695MCFTBBA,Alexandre Christie,Men,Quartz Watch,Quartz (Battery),Stainless Steel,45 mm,12 mm,Black,Mineral Crystal,Stainless Steel,Silver,,5 ATM (50 Meters),
AC8694LDLIPBA,Alexandre Christie,Women,Quartz Watch,Quartz (Battery),Stainless Steel,30.5 mm,6.8 mm,Black,Mineral Crystal,Leather,Black,,3 ATM (30 Meters),
AC8697LDBBRBA,Alexandre Christie,Women,Quartz Watch,Quartz (Battery),Stainless Steel,32.3 mm,8.2 mm,Black,Sapphire Crystal,Stainless Steel,Black/Rose Gold,,3 ATM (30 Meters),
AC8697LDBIPBA,Alexandre Christie,Women,Quartz Watch,Quartz (Battery),Stainless Steel,32.3 mm,8.2 mm,Black,Sapphire Crystal,Stainless Steel,Black,,3 ATM (30 Meters),
AC8697LDBRGLN,Alexandre Christie,Women,Quartz Watch,Quartz (Battery),Stainless Steel,31.4 mm,8.5 mm,Rose Gold,Sapphire Crystal,Stainless Steel,Rose Gold,,3 ATM (30 Meters),
AC8697LDBTEGR,Alexandre Christie,Women,Quartz Watch,Quartz (Battery),Stainless Steel,31.4 mm,8.5 mm,Grey,Sapphire Crystal,Stainless Steel,Silver,,3 ATM (30 Meters),
AC8697MCBBRBA,Alexandre Christie,Men,Quartz Watch,Quartz (Battery),Stainless Steel,40.3 mm,10.3 mm,Black,Sapphire Crystal,Stainless Steel,Black/Rose Gold,,5 ATM (50 Meters),
AC8697MCBIPBA,Alexandre Christie,Men,Quartz Watch,Quartz (Battery),Stainless Steel,40.3 mm,10.3 mm,Black,Sapphire Crystal,Stainless Steel,Black,,5 ATM (50 Meters),
AC8697MCBSSSLRG,Alexandre Christie,Men,Quartz Watch,Quartz (Battery),Stainless Steel,40.3 mm,10.3 mm,Silver,Sapphire Crystal,Stainless Steel,Silver,,5 ATM (50 Meters),
AC8697MCBTBBA,Alexandre Christie,Men,Quartz Watch,Quartz (Battery),Stainless Steel,40.3 mm,10.3 mm,Black,Sapphire Crystal,Stainless Steel,Silver,,5 ATM (50 Meters),
AC8697MCBTEGR,Alexandre Christie,Men,Quartz Watch,Quartz (Battery),Stainless Steel,40.3 mm,10.3 mm,Grey,Sapphire Crystal,Stainless Steel,Silver,,5 ATM (50 Meters),
AC8711MDBBRDGSG,Alexandre Christie,Men,Quartz Watch,Quartz (Battery),Stainless Steel,34.5 mm,6.7 mm,Black,Sapphire Crystal,Stainless Steel,Black/Rose Gold,,3 ATM (30 Meters),
AC8715MDFTBBA,Alexandre Christie,Men,Quartz Watch,Quartz (Battery),Stainless Steel,40.8 mm,7.2 mm,Black,Mineral Crystal,Stainless Steel,Silver,,5 ATM (50 Meters),
AC9205MCBBRBA,Alexandre Christie,Men,Quartz Watch,Quartz (Battery),Stainless Steel,46.8 mm,14.5 mm,Black,Mineral Crystal,Stainless Steel,Black,,5 ATM (50 Meters),
AC9205MCBEPBA,Alexandre Christie,Men,Quartz Watch,Quartz (Battery),Stainless Steel,46.8 mm,14.5 mm,Black,Mineral Crystal,Stainless Steel,Black,,5 ATM (50 Meters),
AC9381LHBRGBA-SET,Alexandre Christie,Women,Digital Watch,Quartz (Digital),Stainless Steel,33.8 mm,9.3 mm,Black,Mineral Crystal,Stainless Steel Strap + Extra Strap,Rose Gold,,3 ATM (30 Meters),
